pool,id,ink_cost,guard,heal,preempt,aoe,target_count,pierce_guard,hit_count,counter,ink_discount,carry_ink,enemy_attack_rank,bonus_draws,cast_count,cast_scale,overdraw_hit_count,guard_attack_multiplier,overheal_damage_multiplier,life_steal_rate,attack_rank,guard_rank,magic_shield,renewal_rate,damage_over_time_rate,damage_over_time_turns,overheal_guard_multiplier,shield_break_heal_rate,attack_guard_rate,guard_heal_rate
early,na,0,,,,,,,,,,,,,,,,,,,,,
early,eoje,2,,,,,,,,,,,,,,,,,,,,,
reward,nado,2,,,,,,,,,,,,,,,,,,,,,
reward,oneul,4,,,,,,,,,,,,,,,,,,,,,
reward,gyeop,4,,,,,,,,,,,,,,,,,,,,,
reward,naman,0,,,,,,,,,,,,,,,,,,,,,
reward,dachin,4,,,,,,,,,,,,,,,,,,,,,
reward,uri,4,,,,,,,,,,,,,,,,,,,,,
reward,utneun,0,,,,,,,,,,,,,,,,,,,,,
reward,ttatteutan,2,,,,,,,,,,,,,,,,,,,,,
reward,andohan,2,,,,,,,,,,,,,,,,,,,,,1,,,,,,,
reward,hwanan,0,,,,,,,,,,,,,,,,,,,,,
reward,matseo,2,,,,,,,,,,,,,,,,,,,,,
reward,kkeutkkaji,2,,,,,,,,,,,,,,,,,,,,2,1,,,,,,,
reward,ulmeogin,0,,,,,,,,,,,,,,,,,,,,,
reward,hollo,0,,,,,,,,,,,,,,,,,,,,,
reward,gogae,2,,,,,,,,,,,,,,,,,,,,,
reward,deultteun,0,,,,,,,,,,,,,,,,,,,,,
reward,sinnan,0,,,,,,,,,,,,,,,,,,,,,
reward,jangnan,2,,,,,,,,,,,,,,,,,,,,,
early,himkkeot,1,,,,,,1,,,,,,,,,,,,,,,,,,,,
early,dandanhi,1,,,,,,,,1,,,,,,,,,,,,,,,,,,,,
early,saljjak,1,,,1,,,,,,,,,,,,,,,,,,
reward,naepda,1,,,1,,,,,,,,,,,,,,,,,,
reward,kkuk,4,,,,,,,,,,,,,,,,,,,,1,1,,,,,,,
reward,nunmullo,0,,,,,,,,,1,,,,,,,,,,,,,,,,,,,
reward,jaeppalli,1,,,1,,,,,,,,,,,,,,,,,,,,,,,,,
reward,motdohage,2,,,,,,,,1,,,,,,,,,,,,1,,,,,,,,
reward,michin,3,,,,,,,,,,,,,2,.67,,,,,1,,,,,,,
reward,ipan,2,,,,,,1,,1,,,,,,,,,,,,,,,,,,,,
reward,hwanhage,2,,,1,,,,,,,,,,,,,,,,,,
reward,pogeunhage,4,,,,,,,,,,,,,,,,,,,,1,1,,,,,,,
reward,bangeopge,4,,,,,3,,,,,,,,,,,,,,,,,,,,,,,
reward,useumyeo,2
reward,geochilge,3,,,,,,,,,,,,,2,.5,,,,,1,,,,,,,,,
reward,sseulsseulhi,1,,,,,,,,1,,,,,,,,,,,,,,,,,,,,
reward,aesseo,1,,,,,,,,,,,,,,,,,,,,1,,,,,,,,
reward,sinnage,2
reward,deulsseogimyeo,4,,,,,,,,1,,,,,,,,,,,,3,,,,,,,,
reward,gyeongkwaehage,0,,,1,,,,,,2,,,,,,,,,,,,,,,,,,,
early,ttaeryeot,2,,,,,,,,,,,,,,,,,,,,,
early,makat,2,,,,,,,,,,,,,,,,,,,,,
early,gamssat,2,,,,,,,,,,,,,,,,,,,,,
early,huryeo,3
reward,jikyeot,3,,,,,,,,,,,,,,,,.5,,,,,,,,,,
reward,pumeot,3
reward,naedeonjyeot,2
reward,ureojyeot,2
