pool,id,text,slot,tags,person,stat,stat_mult,power,bonus,kind,timing,target_mode,aoe,rarity,note,lore,guard,heal,recoil,evade,variance_p,variance_hi,variance_lo,crit,fail,art,grow_hp
early,na,"나는",subj,self,first,,,,0.2,,,enemy,,common,"배율 ×1.20","오늘도 일기를 편다.",,,,,,,,,,1001,
early,eoje,"어제의 나는",subj,self|mind,first,,,,0,,,enemy,,rare,"75% 확률로 배율 ×1.80","지난 일은 이미 정해져 있다. 그래서 자주 손에 잡힌다.",,,,,0.75,1.8,1,,,1002,
reward,nado,"나도",subj,self|echo,first,,,,0,,,enemy,,rare,"60% 확률로 배율 ×2.00","누가 먼저였는지는 중요하지 않다.",,,,,0.6,2,1,,,1003,
reward,oneul,"오늘의 나는",subj,self|now,first,,,,0,,,enemy,,epic,"55% 확률로 배율 ×3.00","오늘 몫은 오늘 적는다. 될 때는 크게 된다.",,,,,0.55,3,1,,,1004,
reward,gyeop,"이를 악문 나는",subj,self|grit,first,,,,0,,,enemy,,epic,"44% 확률로 배율 ×3.50","분한 마음을 꾹 삼키고 연필을 쥔다.",,,,,0.44,3.5,1,,,1005,
reward,naman,"불끈 선 나는",subj,self|force,first,,,,0.2,,,enemy,,common,"배율 ×1.20","화난 발끝이 먼저 앞으로 나간다.",,,,,,,,,,1006,
reward,dachin,"다친 나는",subj,self|hurt,first,,,,0,,,enemy,,epic,"55% 확률로 배율 ×3.00","아픈 자리가 오히려 뜨겁다.",,,,,0.55,3,1,,,1007,
reward,uri,"우리는",subj,self|both,first,,,,0,,,enemy,,epic,"50% 확률로 배율 ×3.20","함께라면 크게 타오른다.",,,,,0.5,3.2,1,,,1008,
reward,utneun,"환하게 웃는 나는",subj,self|bright,first,,,,0.2,,,enemy,,common,"배율 ×1.20","웃음이 빈 칸까지 환하게 번진다.",,,,,,,,,,1009,
reward,ttatteutan,"따뜻한 우리는",subj,self|both|warm,first,,,,0.6,,,enemy,,rare,"배율 ×1.60","서로의 공책을 꼭 잡아 준다.",,,,,,,,,,1010,
reward,andohan,"안도한 나는",subj,self|calm,first,,,,0.6,,,enemy,,legendary,"배율 ×1.60 · 재뽑기 1","끝난 줄을 보며 가볍게 숨을 쉰다.",,,,,,,,,,1011,
reward,hwanan,"화가 난 나는",subj,self|anger,first,,,,0.2,,,enemy,,common,"배율 ×1.20","구겨진 페이지를 펴며 씩씩거린다.",,,,,,,,,,1012,
reward,matseo,"맞서 선 우리는",subj,self|both,first,,,,0.6,,,enemy,,rare,"배율 ×1.60","같은 줄에서 벌레를 마주 본다.",,,,,,,,,,1013,
reward,kkeutkkaji,"끝까지 남은 나는",subj,self|grit,first,,,,0.6,,,enemy,,legendary,"배율 ×1.60 · 초과타 2회","마지막 한 줄까지 지우지 않는다.",,,,,,,,,,1014,
reward,ulmeogin,"울먹이는 나는",subj,self|tear,first,,,,0.2,,,enemy,,common,"배율 ×1.20","젖은 글씨를 보며 잠깐 멈춘다.",,,,,,,,,,1015,
reward,hollo,"홀로 남은 나는",subj,self|solo,first,,,,0.2,,,enemy,,common,"배율 ×1.20","빈자리에도 내 이야기는 남는다.",,,,,,,,,,1016,
reward,gogae,"고개 숙인 나는",subj,self|mind,first,,,,0.6,,,enemy,,rare,"배율 ×1.60","어제의 줄을 다시 읽어 본다.",,,,,,,,,,1017,
reward,deultteun,"들뜬 나는",subj,self|play,first,,,,0.2,,,enemy,,common,"배율 ×1.20","좋은 일이 생길 것처럼 발끝이 바쁘다.",,,,,,,,,,1018,
reward,sinnan,"신난 우리는",subj,self|both|play,first,,,,0.2,,,enemy,,common,"배율 ×1.20","함께 쓰는 줄이 통통 튄다.",,,,,,,,,,1019,
reward,jangnan,"장난스런 나는",subj,self|play,first,,,,0.6,,,enemy,,rare,"배율 ×1.60","여백에 작은 낙서를 남긴다.",,,,,,,,,,1020,
"early","himkkeot","힘껏","adv","force","","","","","","","","","","common","관통","팔에 힘을 준다.","","","","","","","","","","2001",""
"early","dandanhi","다정히","adv","warm","","","","","","","","","","common","카운터","다정히 받아 낸 충격을 행동 종류에 따라 되돌려준다.","","","","","","","","","","2002",""
"early","saljjak","살짝","adv","soft","","","","","","","","","","common","선공","상대의 공격보다 살짝 먼저 움직인다.","","","","","","","","","","2003",""
reward,naepda,"냅다",adv,rush,,,,,,,,,,common,"선공","앞뒤 안 가리고 상대보다 먼저 움직인다.",,,,,,,,,,2004,
"reward","kkuk","꾹 참고","adv","solid","","","","","","","","","","rare","매직실드 1 · 다음 문장 잉크 +1","아픈 한 번을 막아 내고 남은 숨을 다음 문장까지 모은다.","","","","","","","","","","2005",""
"reward","nunmullo","눈물로","adv","tear","","","","","","","","","","rare","리필 1","눈물 한 방울로 모자란 잉크를 채운다.","","","","","","","","","","2006",""
early,ttaeryeot,"때렸다",verb,atk,,atk,1,,,attack,,,,common,"공격 ×1","정직한 한 방.",,,,,,,,,,3001,
early,makat,"막았다",verb,grd,,guard,1,,,guard,,,,common,"방어 ×1","한 발 버틴다.",,,,,,,,,,3002,
early,gamssat,"감쌌다",verb,mend,,heal,1,,,heal,,,,common,"회복 ×1","상처를 매만진다.",,,,,,,,,,3003,
"early","huryeo","피했다","verb","grd|dance","","guard","1.5","","","guard","","","","rare","방어 ×1.5","발끝이 먼저 종이 위를 미끄러진다.","","","","","","","","","","3004",""
"reward","jikyeot","지켰다","verb","grd|hold","","guard","1","","","guard","","","","common","방어 ×1 · 방패치기 50%","한 뼘도 안 내준다.","","","","","","","","","","3005",""
"reward","pumeot","웅크렸다","verb","grd|warm","","guard","1.5","","","guard","","","","rare","방어 ×1.5","작아진 마음을 품고 숨을 고른다.","","","","","","","","","","3006",""
"reward","jaeppalli","재빨리","adv","swift","","","","","","","","","","common","선공","상대의 공격이 닿기 전에 먼저 움직인다.","","","","","","","","","","2007",""
"reward","motdohage","못 이기는 척","adv","mad","","","","","","","","","","epic","카운터 · 상대 공격 -1랭크","빈틈을 보인 척 적의 기세를 꺾고 받은 충격을 되돌린다.","","","","","","","","","","2008",""
"reward","naedeonjyeot","고쳐냈다","verb","mend|play","","heal","1","","","heal","","","","common","회복 ×1","삐뚤어진 줄도 신나게 다시 고친다.","","","","","","","","","","3008",""
"reward","ureojyeot","흘려보냈다","verb","atk|drift","","atk","1","","","attack","","","","common","공격 ×1","젖은 잉크를 한 획에 멀리 흘려보낸다.","","","","","","","","","","3007",""
"reward","michin","미친듯이","adv","mad","","","","","","","","","","epic","연타 2회·67% · 자신 공격 +1랭크","종이가 타는 냄새. 멈출 수 없다.","","","","","","","","","","2009",""
"reward","ipan","이판사판","adv","reckless","","","","","","","","","","epic","관통 · 초과타 2회","체력까지 잉크로 바꾼 문장에만 거센 추가타를 싣는다.","","","","","","","","","","2010",""
reward,hwanhage,"환하게",adv,bright,,,,,,,,,,rare,"선공 · 대성공 25%","빛을 따라 상대보다 먼저 움직인다.",,,,,,,,.25,,2011,
"reward","pogeunhage","포근하게","adv","warm","","","","","","","","","","rare","다음 문장 잉크 +1 · 자신 방어 +1랭크","포근한 온기로 버티며 남은 숨을 다음 문장까지 이어 준다.","","","","","","","","","","2012",""
"reward","bangeopge","반갑게","adv","greet","","","","","","","","","","legendary","대상 3명 · 재뽑기 2","반가운 이야기를 앞줄 셋에게 펼치고 다음 선택까지 활짝 연다.","","","","","","","","","","2013",""
"reward","useumyeo","웃으며","adv","smile","","","","","","","","","","common","대성공 30%","웃음이 결정적인 한 수를 끌어낼 가능성을 높인다.","","","","","","","","0.30","","2014",""
"reward","geochilge","거칠게","adv","rage","","","","","","","","","","rare","연타 2회·50% · 자신 공격 +1랭크","거친 기세로 동사의 행동을 한 번 더 휘몰아치며 공격 태세를 끌어올린다.","","","","","","","","","","2015",""
"reward","sseulsseulhi","쓸쓸히","adv","lone","","","","","","","","","","common","카운터","이 턴에 받은 충격을 행동 종류에 따라 되돌린다.","","","","","","","","","","2016",""
"reward","aesseo","애써","adv","endure","","","","","","","","","","common","상대 공격 -1랭크","거칠어진 상대의 공격 태세를 눌러 둔다.","","","","","","","","","","2017",""
"reward","sinnage","신나게","adv","play","","","","","","","","","","rare","대성공 30%","신나는 기세로 결정적인 한 수를 끌어낼 가능성을 높인다.","","","","","","","","0.30","","2018",""
"reward","deulsseogimyeo","들썩이며","adv","bounce","","","","","","","","","","legendary","카운터 · 자신 방어 +3랭크","되튀는 박자가 방어 태세를 극한까지 끌어올리고 충격을 되돌린다.","","","","","","","","","","2019",""
"reward","gyeongkwaehage","경쾌하게","adv","lively","","","","","","","","","","epic","리필 2 · 재뽑기 2","가벼운 박자가 잉크와 선택지를 함께 되돌려 연쇄 집필을 연다.","","","","","","","","","","2020",""
expansion,na,"나는",subj,self,first,,,,0.2,,,enemy,,common,"배율 ×1.20","일기의 화자. 언제나 여기서 시작한다.",,,,,,,,,,,
expansion,neo,"너는",subj,enemy,second,,,,0.2,,,enemy,,rare,"주어로 쓸 수 없다 — 일기의 주어는 나·우리","손끝을 겨눈다. 하지만 이건 내 일기다.",,,,,,,,,,,
expansion,geu,"그 애는",subj,other,third,,,,0.2,,,enemy,,rare,"주어로 쓸 수 없다 — 일기의 주어는 나·우리","남의 이야기는 남의 공책에.",,,,,,,,,,,
expansion,uri,"우리는",subj,both,first,,,,0,,,enemy,,epic,"50% 확률로 배율 ×3.20","함께라면 크게 타오른다.",,,,,0.5,3.2,1,,,1008,
expansion,holo,"홀로",adv,solo,,guard,,,,,,,,rare,"대성공 60%","혼자 선 자의 각오.",,,,,,,,0.6,,,
expansion,joy,"조용히",adv,quiet,,luck,,,,,,,,common,"대성공 40%","숨을 죽이면 벌레도 방심한다.",,,,,,,,0.4,,,
expansion,mad,"미친듯이",adv,mad,,atk,,,,,,,,epic,"대성공 60%","종이가 타는 냄새. 멈출 수 없다.",,,,,,,,0.6,,,
expansion,slow,"천천히",adv,slow,,guard,,,,,,,,common,"대성공 30%","느린 붓질에도 단단함이 깃든다.",,,,,,,,0.3,,,
expansion,neolli,"널리",adv,wide,,luck,,,,,,,all,rare,"대성공 30% · 전체 적중","한 방울이 온 페이지로 번진다.",,,,,,,,0.3,,,
expansion,war,"전투",obj,war,,,,6,,,,,,common,"위력 6","연필심이 부러지도록.",,,,,,,,,,,
expansion,fir,"불꽃",obj,fire,,,,8,,,,,,rare,"위력 8","촛농 아래 잠든 작은 태양.",,,,,,,,,,,
expansion,sil,"침묵",obj,quiet,,,,3,,,,,,common,"위력 3 · 방어 +4","아무 말도 적지 않은 칸의 힘.",4,,,,,,,,,,
expansion,mem,"기억",obj,mind,,,,4,,,,,,rare,"위력 4 · 회복 +3","지난 장을 넘기면 상처가 아문다.",,3,,,,,,,,,
expansion,bit,"빗물",obj,water|wide,,,,5,,,,,all,rare,"위력 5 · 전체","번지는 잉크, 젖는 날개들.",,,,,,,,,,,
expansion,jin,"진행",verb,atk,,atk,1,,,attack,,,,common,"공격 ×1","그냥, 앞으로.",,,,,,,,,,,
expansion,hoi,"회피",verb,grd,,guard,1,,,guard,,,,common,"방어 ×1","한 발 물러서는 것도 문장이다.",,,,,,,,,,,
expansion,jum,"점화",verb,fire,,atk,1.5,,,attack,,,,rare,"공격 ×1.5","심지에 불을 붙이는 한 획.",,,,,,,,,,,
expansion,mang,"망각",verb,mind,,heal,1,,,heal,,,,common,"회복 ×1","잊는 편이 나을 때가 있다.",,,,,,,,,,,
expansion,hui,"휩쓸어",verb,atk|wide,,atk,1,,,attack,,,all,rare,"공격 ×1 · 전체","빗자루처럼, 페이지 끝에서 끝까지.",,,,,,,,,,,
expansion,e1,"했다",end,,,,,,0.2,,immediate,,,common,"배율 ×1.20 · 즉발","담담한 마침표.",,,,,,,,,,,
expansion,e2,"하려고 했다",end,,,,,,0.6,,delayed,,,rare,"배율 ×1.60 · 다음 턴 발동","다짐은 다음 장에서 터진다.",,,,,,,,,,,
expansion,e3,"했었나?",end,,,,,,0,,immediate,,,epic,"50% 확률로 배율 ×3.20 · 즉발","기억이 흐릿하다… 운에 맡긴다.",,,,,0.5,3.2,1,,,,
expansion,e4,"하고 말았다!",end,,,,,,0.7,,immediate,,,epic,"배율 ×1.70 · 대성공 45% · 즉발","저지르고야 말았다. 손이 떨린다.",,,,,,,,0.45,,,
punct,pt_bang,"!",punct,preempt,,,,,,,,,,legendary,"선공 상대보다 먼저 행동한다","느낌표를 찍자 손이 먼저 나갔다.",,,,,,,,,,7001,
punct,pt_dot,".",punct,calm,,,,,0.1,,,,,legendary,"배율 풀 +0.10 (안전한 한 수)","조용히 마침표를 찍는다. 그걸로 충분한 날도 있다.",,,,,,,,,,7002,
punct,pt_q,"?",punct,doubt,,,,,,,,,,legendary,"대성공 확률 +30%","정말 이걸로 끝일까? 되묻는 순간 문장이 커진다.",,,,,,,,0.3,,7003,
grow,gr,"무럭무럭",*,grow,,,,,,,,,,legendary,"최대 체력 +2 · 배율을 받지 않는다","그냥 자란다. 아무것도 하지 않고, 자라기만 한다.",,,,,,,,,,9001,2
